hour_of_day,day_of_week,is_weekend,transaction_count_24h,avg_amount_30d,risk_score,amount,merchant_category_encoded,payment_method_encoded,label
17,2,False,8,181.17,0.392,489.43,31,0,0
4,0,False,1,257.41,1.0,4027.61,75,2,0
6,3,False,6,148.74,0.422,8.36,27,0,0
8,2,False,3,238.44,0.5,342.22,52,0,0
11,4,False,7,269.63,0.25,330.04,54,2,0
21,3,False,5,245.44,0.856,1728.3,70,0,0
17,0,False,3,193.25,0.309,84.23,43,0,0
21,6,True,2,296.47,0.947,410.07,27,2,0
0,0,False,10,217.29,1.0,3721.74,75,7,0
23,1,False,4,182.78,1.0,443.55,27,0,0
10,0,False,1,168.24,0.563,290.84,27,0,0
21,6,True,6,152.9,0.2,46.83,43,0,0
2,2,False,5,111.87,0.212,128.29,31,0,0
17,0,False,1,193.17,1.0,711.49,28,0,0
23,1,False,1,280.78,1.0,1968.87,28,0,0
13,1,False,8,113.44,0.549,127.6,43,0,0
3,1,False,9,107.93,0.263,420.12,27,7,0
3,1,False,10,255.83,1.0,2361.88,70,0,0
6,3,False,10,75.65,0.659,421.8,31,7,0
7,2,False,4,100.57,0.312,2923.03,70,0,0
0,1,False,7,175.48,1.0,1831.06,70,2,0
6,5,True,6,242.88,1.0,4584.89,75,0,0
10,1,False,8,193.79,0.533,112.26,43,0,0
4,3,False,5,69.2,0.857,219.08,70,0,0
23,5,True,9,226.37,1.0,4389.46,75,2,0
18,5,True,3,100.03,0.119,61.29,52,0,0
19,0,False,4,275.65,0.59,140.18,31,0,0
18,5,True,2,230.71,0.662,247.61,52,0,0
14,2,False,10,169.82,0.432,1098.3,30,2,0
5,1,False,2,278.65,0.936,387.78,52,2,0
6,1,False,6,53.84,0.657,200.46,31,0,0
10,6,True,8,296.07,0.252,43.31,52,2,0
1,6,True,9,249.22,0.212,110.0,27,0,0
8,6,True,7,232.3,0.713,46.73,31,0,0
22,6,True,4,166.96,0.721,61.24,43,0,0
9,2,False,3,132.84,0.851,18.79,27,0,0
1,1,False,6,270.58,1.0,31.37,31,2,0
23,3,False,6,109.45,0.4,46.99,31,0,0
14,6,True,1,132.76,1.0,1233.26,70,0,0
23,6,True,3,226.22,1.0,2732.91,70,2,0
2,6,True,9,66.62,0.894,2822.14,70,7,0
17,0,False,3,298.52,0.733,808.53,28,7,1
11,1,False,9,219.29,0.012,101.65,31,7,0
2,3,False,8,199.7,0.282,22.43,27,0,0
7,4,False,2,90.62,1.0,2210.41,75,2,0
19,3,False,9,117.52,0.216,179.26,54,0,0
12,3,False,10,284.92,0.883,182.43,27,0,0
8,1,False,6,107.62,0.326,1253.84,70,0,0
6,1,False,10,197.24,0.574,216.8,52,0,0
9,6,True,1,62.55,0.25,223.86,27,0,0
19,3,False,10,296.91,1.0,1755.03,70,7,0
13,2,False,7,61.47,0.554,275.39,54,0,0
3,2,False,10,81.95,0.863,199.08,27,7,0
1,6,True,9,227.16,0.515,354.72,27,2,0
6,6,True,8,99.87,1.0,2704.72,28,7,0
11,3,False,8,249.78,0.746,769.99,30,0,0
19,6,True,4,229.99,0.544,32.11,27,0,0
8,4,False,1,147.91,0.923,1592.71,30,2,0
15,5,True,1,100.36,0.25,608.39,30,0,0
12,2,False,9,177.57,0.77,253.2,31,0,0
5,6,True,2,256.55,1.0,374.13,31,0,0
5,0,False,1,182.27,1.0,2309.28,70,0,0
18,6,True,4,193.07,0.863,2784.14,70,0,0
0,0,False,5,71.62,0.739,1210.01,70,0,0
8,0,False,9,187.85,0.437,246.82,27,7,0
9,0,False,1,55.69,1.0,2017.84,28,7,0
19,2,False,5,259.57,0.024,291.75,27,0,0
0,4,False,4,182.29,0.921,483.31,43,2,0
21,3,False,5,113.21,0.838,237.29,52,0,0
22,6,True,8,272.32,1.0,3041.32,75,0,0
14,3,False,3,297.88,0.678,2918.37,70,0,0
17,5,True,5,285.18,0.663,926.64,70,2,0
21,2,False,2,105.2,0.821,147.98,27,7,0
18,5,True,5,149.49,0.96,2719.15,30,0,0
4,0,False,6,125.39,1.0,2904.42,70,0,0
11,5,True,9,158.45,0.702,209.8,27,0,0
6,4,False,8,162.95,0.25,23.61,52,7,0
22,1,False,9,273.69,0.959,1899.36,30,0,0
17,1,False,6,73.03,0.572,194.95,52,7,0
12,3,False,3,213.2,1.0,731.87,28,0,0
21,2,False,7,124.14,0.947,455.78,27,2,0
19,1,False,3,196.92,0.782,2132.47,28,7,0
0,1,False,3,175.99,0.994,901.55,28,7,0
6,1,False,7,148.69,0.115,211.29,52,2,0
14,0,False,1,209.95,1.0,4318.8,75,0,0
22,5,True,10,291.7,0.554,487.39,31,7,0
14,0,False,8,114.81,0.659,243.18,31,0,0
16,5,True,5,245.96,1.0,1539.38,30,0,0
13,6,True,2,149.0,0.893,2300.02,70,7,1
5,5,True,9,60.24,0.509,164.85,27,7,0
7,6,True,1,73.7,0.319,300.31,52,0,0
18,2,False,5,73.21,0.118,343.75,70,2,0
6,5,True,4,274.57,0.821,85.61,54,2,0
4,0,False,6,54.44,0.902,154.76,31,7,0
12,1,False,2,191.54,0.782,1467.36,28,0,0
4,6,True,6,267.02,0.85,460.33,27,7,0
8,6,True,3,63.88,0.891,287.35,27,2,0
3,2,False,10,274.1,1.0,211.61,52,0,0
22,2,False,3,120.66,0.178,139.71,52,2,0
11,3,False,6,85.78,0.556,46.84,54,2,0
2,1,False,4,164.55,0.975,2617.62,70,2,0
8,3,False,3,296.53,0.996,2274.96,30,7,0
11,6,True,9,169.62,0.721,32.89,27,2,0
1,3,False,8,167.25,0.282,469.36,43,0,0
12,6,True,2,69.87,0.863,2820.97,70,0,0
6,6,True,5,278.79,1.0,766.28,75,0,0
3,6,True,4,245.6,1.0,203.33,54,0,0
9,2,False,9,196.33,0.967,216.18,27,2,0
16,2,False,4,225.15,1.0,2785.34,30,0,0
7,1,False,1,56.91,0.662,250.72,52,7,0
19,6,True,8,284.68,0.702,466.31,54,0,0
21,1,False,3,200.41,0.394,156.83,27,7,0
9,2,False,9,212.95,1.0,1859.31,30,2,0
18,6,True,4,270.63,1.0,1230.11,75,0,0
13,1,False,4,222.51,0.922,308.13,27,0,0
6,2,False,6,205.08,0.684,117.08,52,0,0
5,4,False,1,288.75,1.0,658.57,75,0,0
16,1,False,4,213.27,0.132,296.89,43,2,0
2,0,False,7,112.64,0.452,451.73,27,7,0
18,2,False,6,109.56,1.0,1417.25,28,7,0
10,1,False,2,295.76,0.947,81.21,54,0,0
1,3,False,4,281.22,0.79,95.43,31,0,0
23,0,False,6,270.38,1.0,212.15,43,0,0
18,3,False,10,136.7,0.005,330.23,27,0,0
13,1,False,3,247.21,0.953,489.73,31,2,0
10,6,True,3,151.41,1.0,4398.55,75,0,0
0,5,True,8,293.67,0.519,310.78,27,2,0
2,6,True,6,164.52,1.0,2997.43,30,2,0
20,0,False,9,232.29,0.378,409.82,27,7,0
15,5,True,3,64.25,0.379,107.66,43,7,0
23,4,False,4,107.37,0.212,250.0,43,0,0
2,3,False,8,233.35,1.0,495.52,31,7,0
16,2,False,7,70.7,0.392,191.75,54,7,0
13,6,True,2,252.18,0.394,250.26,31,7,0
13,1,False,6,187.96,0.98,1773.49,70,7,0
2,1,False,7,91.88,1.0,1108.65,70,2,0
2,3,False,5,289.17,0.515,144.31,52,2,0
9,2,False,2,184.94,1.0,2731.14,30,0,0
10,1,False,5,140.01,1.0,4905.73,75,0,0
7,6,True,1,211.46,1.0,4002.23,75,2,0
16,6,True,1,212.57,0.432,2775.03,70,7,0
12,6,True,10,276.87,1.0,634.42,28,0,0
9,1,False,9,194.49,0.872,1154.87,70,0,0
8,3,False,10,103.14,0.959,257.98,31,7,0
18,2,False,3,159.51,0.132,33.95,31,0,0
21,0,False,4,256.18,1.0,2234.12,75,2,0
14,5,True,7,62.28,0.952,1965.79,28,2,0
6,4,False,1,209.35,1.0,1091.41,70,0,0
19,3,False,8,75.18,0.572,467.37,31,7,0
12,6,True,4,105.6,0.837,298.96,54,7,0
0,6,True,6,145.4,0.224,93.94,27,2,0
23,0,False,5,92.48,0.204,67.38,31,7,1
4,0,False,4,90.37,0.902,393.36,52,7,0
9,2,False,9,91.69,0.883,333.84,27,0,0
22,6,True,9,55.2,0.563,343.35,54,0,0
1,3,False,7,177.2,0.45,472.37,27,0,0
18,0,False,8,64.6,0.726,2807.37,75,7,0
3,2,False,2,131.45,0.936,361.09,27,7,0
18,4,False,4,122.6,0.012,494.81,52,2,0
21,0,False,1,217.46,0.702,296.75,31,0,0
21,3,False,2,255.08,1.0,916.98,28,0,0
1,3,False,7,269.46,0.859,638.66,70,0,0
21,6,True,7,297.83,0.556,225.86,52,7,0
2,2,False,10,169.71,0.678,494.63,27,0,0
13,5,True,6,105.36,0.741,242.45,31,7,0
7,3,False,6,279.64,0.82,386.69,27,0,0
1,1,False,8,166.31,0.936,17.92,54,2,0
3,2,False,3,241.27,1.0,2734.04,75,0,0
2,4,False,1,138.81,0.793,30.11,27,0,0
12,4,False,7,236.4,0.77,397.04,52,0,0
15,2,False,6,181.82,1.0,2060.97,70,2,0
22,2,False,5,147.57,0.378,391.67,27,7,0
5,0,False,4,163.42,0.319,470.03,52,0,0
11,0,False,1,262.8,0.97,139.84,31,0,0
0,4,False,9,259.67,0.977,355.62,27,7,0
22,5,True,8,202.13,0.787,328.42,54,0,0
8,1,False,2,101.65,0.712,2998.87,75,7,0
19,5,True,4,170.55,0.783,1173.45,28,7,0
2,0,False,6,57.64,1.0,1779.42,30,0,0
10,1,False,2,207.08,0.923,17.98,27,2,0
13,2,False,5,224.47,0.2,186.27,52,0,0
13,2,False,2,293.91,0.704,2193.47,28,0,0
18,6,True,6,117.27,0.252,82.96,27,7,0
11,6,True,3,143.63,1.0,2127.07,75,2,0
9,6,True,8,190.16,0.572,197.17,54,0,0
0,0,False,8,80.95,0.862,159.61,31,2,0
19,1,False,5,283.61,0.554,177.43,43,2,0
12,6,True,6,228.47,0.549,58.33,54,2,0
16,3,False,5,181.38,0.851,479.67,27,0,0
13,1,False,7,264.46,0.5,447.54,27,0,0
0,6,True,2,91.98,1.0,1654.77,30,0,0
0,3,False,3,188.49,0.204,497.27,31,2,0
5,4,False,5,210.6,0.902,335.89,27,2,0
12,6,True,6,50.78,0.883,130.55,43,2,0
6,1,False,2,120.81,0.733,745.92,28,0,0
22,2,False,2,255.1,0.309,175.58,31,0,0
22,1,False,3,110.14,0.475,384.33,27,0,0
22,5,True,3,109.6,0.309,481.62,52,0,0
23,4,False,1,163.01,0.857,45.0,52,0,0
0,3,False,9,212.89,1.0,2144.65,28,7,0
1,6,True,3,158.99,0.533,182.89,27,0,0
3,0,False,6,115.64,0.282,303.6,30,7,0
14,2,False,6,112.61,1.0,1661.55,30,2,0
4,2,False,4,160.69,1.0,1369.54,70,0,0
13,5,True,4,102.43,1.0,1951.27,28,0,0
20,0,False,6,229.38,0.255,115.44,52,0,0
9,5,True,4,144.79,0.392,80.91,43,0,0
15,2,False,10,71.33,1.0,621.39,28,0,0
23,5,True,2,230.21,1.0,1357.41,70,0,0
20,6,True,5,296.57,0.702,340.28,27,0,0
15,2,False,5,98.54,0.333,293.97,43,0,0
23,0,False,4,263.95,1.0,152.2,54,7,0
19,1,False,3,141.1,1.0,3652.9,75,7,0
14,4,False,8,177.11,1.0,1751.38,28,0,0
2,2,False,8,210.15,0.594,242.47,27,7,0
11,3,False,1,198.26,0.923,1638.1,70,7,0
19,5,True,10,279.09,1.0,2792.42,28,2,0
2,0,False,2,211.76,1.0,2301.86,70,2,0
22,6,True,9,258.34,0.315,336.36,54,0,0
18,2,False,8,105.33,0.082,322.48,52,0,0
5,3,False,1,57.93,0.921,44.34,52,0,0
5,5,True,10,71.12,0.579,294.15,54,0,0
0,1,False,6,68.18,1.0,360.6,54,2,0
7,1,False,2,173.75,0.777,126.63,27,2,0
10,3,False,2,89.82,0.663,885.25,30,0,0
5,4,False,9,95.29,0.212,211.45,54,2,0
5,4,False,10,200.28,0.749,56.94,54,2,0
17,0,False,3,257.6,0.239,327.73,54,2,0
20,2,False,3,134.4,0.923,1048.65,30,2,0
20,5,True,8,71.53,0.702,223.47,31,0,0
10,5,True,7,274.22,0.422,278.33,70,0,0
6,4,False,6,130.35,0.556,64.2,54,0,0
9,6,True,3,198.71,1.0,2013.61,75,7,0
20,3,False,1,237.79,0.851,420.04,27,0,0
1,4,False,10,165.22,0.902,27.78,52,0,0
12,5,True,1,65.95,0.544,457.8,27,0,0
3,4,False,7,81.21,0.622,436.97,54,0,0
19,6,True,9,104.94,0.392,285.59,31,7,0
1,5,True,2,135.63,1.0,2387.73,70,7,0
11,5,True,9,120.47,0.563,327.77,27,0,0
0,2,False,10,185.86,0.902,61.52,27,0,0
19,4,False,6,242.18,0.082,489.16,31,2,0
12,0,False,3,211.17,0.554,28.01,31,2,0
5,4,False,3,227.56,1.0,93.8,27,0,0
4,6,True,9,133.92,0.4,360.54,43,7,0
9,1,False,5,116.79,0.554,463.8,54,2,0
3,0,False,6,265.44,0.227,59.67,52,2,0
23,0,False,10,125.25,0.823,183.99,27,0,0
10,5,True,2,190.13,0.977,49.96,43,0,0
14,5,True,10,83.31,0.314,33.72,27,0,0
13,1,False,10,89.27,0.67,840.92,30,0,0
4,2,False,5,144.11,0.226,252.93,54,2,0
2,2,False,2,252.05,0.594,490.94,27,0,0
12,3,False,2,190.42,1.0,1380.38,70,0,0
3,1,False,7,230.3,0.823,451.0,43,0,0
8,1,False,5,165.73,0.741,142.94,52,0,0
16,1,False,4,200.8,1.0,1282.89,28,0,0
22,5,True,10,212.53,0.609,881.95,30,0,0
11,6,True,6,87.25,0.884,135.56,27,0,0
9,4,False,6,212.96,0.663,337.09,52,7,0
6,3,False,5,281.63,1.0,522.73,28,0,0
21,4,False,1,103.4,1.0,2090.65,28,0,0
4,5,True,3,287.58,0.637,333.95,54,2,0
4,3,False,9,222.83,1.0,1958.02,70,7,0
9,3,False,4,157.96,0.312,2827.92,30,0,0
6,2,False,7,71.03,0.93,439.65,31,2,0
4,3,False,9,271.02,0.763,102.08,27,2,0
7,2,False,3,63.5,0.996,25.86,31,0,0
4,1,False,1,55.6,0.87,52.46,43,0,0
12,5,True,2,220.03,0.997,450.12,70,0,0
8,3,False,7,100.49,0.837,359.24,31,7,0
12,5,True,4,229.44,0.859,340.33,27,0,0
21,6,True,9,79.02,0.556,303.43,31,0,0
21,3,False,4,221.92,0.422,473.82,27,0,0
5,1,False,4,84.89,0.847,369.5,52,7,0
22,6,True,1,255.07,0.66,455.74,31,7,0
19,6,True,8,56.3,0.77,198.56,27,0,0
14,4,False,9,230.21,0.967,324.62,52,0,0
7,4,False,1,132.06,0.684,47.68,27,0,0
9,4,False,9,276.8,0.412,873.77,28,2,0
21,6,True,10,111.42,0.59,855.93,30,0,0
11,1,False,5,230.02,1.0,2175.39,28,0,0
9,0,False,10,252.95,0.118,453.49,27,0,0
2,0,False,2,58.86,0.45,327.98,31,0,0
21,4,False,5,166.36,0.394,37.3,54,7,0
15,0,False,8,76.02,0.549,91.29,27,0,0
22,4,False,2,252.05,0.99,362.56,27,7,0
8,3,False,9,90.46,1.0,490.82,28,0,0
0,1,False,6,219.34,1.0,581.83,28,0,0
15,6,True,7,133.8,0.314,376.03,54,7,0
14,2,False,4,195.29,0.319,38.8,31,2,0
16,0,False,4,106.85,0.97,359.76,54,0,0
23,0,False,2,160.33,0.754,29.93,27,0,0
2,2,False,10,186.67,0.45,86.72,54,7,0
8,2,False,4,271.58,1.0,2719.18,28,2,0
1,1,False,8,256.92,0.97,407.6,27,0,0
7,2,False,3,291.35,0.65,302.83,27,2,0
22,2,False,4,178.77,1.0,2026.04,30,7,0
8,3,False,4,79.86,0.382,2371.3,70,0,0
9,4,False,3,194.03,0.319,126.67,27,7,0
1,4,False,3,92.8,0.282,285.69,52,7,0
9,4,False,1,250.43,0.134,202.29,43,0,0
15,4,False,4,132.7,0.616,888.91,75,0,0
21,1,False,4,101.16,1.0,570.99,28,0,0
15,5,True,6,67.22,0.082,434.75,54,0,0
8,3,False,1,238.97,0.2,278.22,27,7,0
10,6,True,5,124.82,0.97,242.58,54,0,0
5,2,False,2,216.76,0.596,37.91,27,7,0
17,6,True,8,190.57,0.609,276.19,27,0,0
6,6,True,1,172.1,0.005,374.93,52,0,0
19,6,True,2,150.05,0.5,391.52,27,7,0
16,2,False,8,110.82,0.696,140.36,43,0,0
13,0,False,5,70.23,0.432,2528.72,30,7,0
18,4,False,3,193.05,0.319,447.76,30,2,0
6,5,True,6,173.02,0.89,1053.28,30,0,0
9,6,True,1,65.2,0.216,127.53,31,2,0
3,6,True,8,75.83,0.637,237.16,27,0,0
1,2,False,4,92.47,1.0,2157.74,30,0,0
2,4,False,8,58.23,0.45,909.32,70,0,0
1,1,False,8,211.71,0.315,438.21,52,2,0
9,6,True,9,181.87,0.821,419.61,27,7,0
13,1,False,10,284.27,0.787,225.81,54,0,0
12,3,False,7,277.32,0.572,153.14,43,0,0
8,0,False,3,166.77,1.0,1901.87,75,0,0
10,1,False,1,64.55,0.437,488.86,43,7,0
15,2,False,10,203.76,0.533,474.31,70,7,0
18,2,False,9,84.75,1.0,3799.17,75,0,0
8,0,False,2,81.85,0.834,1864.4,75,0,0
22,4,False,6,122.06,0.533,124.94,43,7,0
16,4,False,7,190.65,0.953,55.58,27,0,0
20,5,True,5,97.24,0.947,229.23,43,0,0
3,2,False,9,217.48,0.578,102.53,31,0,0
11,2,False,1,149.16,0.66,451.51,27,0,0
17,1,False,8,74.3,0.004,86.73,54,7,0
9,3,False,1,282.79,0.832,3071.89,75,7,0
14,3,False,7,299.2,1.0,1133.64,28,7,0
15,5,True,4,265.17,1.0,2409.05,28,7,1
0,0,False,5,265.66,1.0,489.04,27,0,0
12,6,True,1,279.22,0.216,291.88,27,7,0
4,6,True,5,52.94,0.452,208.11,31,7,0
11,1,False,8,67.57,1.0,2103.3,70,7,0
20,6,True,8,85.01,0.394,111.5,27,7,0
9,2,False,9,188.92,0.849,2444.4,70,0,0
6,1,False,3,67.96,1.0,2560.39,75,7,0
3,6,True,5,259.57,1.0,568.52,75,0,0
10,2,False,2,55.1,0.583,140.82,27,2,0
15,6,True,10,159.36,0.063,541.51,70,0,0
19,2,False,2,129.11,0.66,124.75,52,0,0
15,2,False,9,62.59,0.777,241.2,27,0,0
4,2,False,2,263.41,0.857,136.11,27,0,0
14,5,True,10,167.5,0.583,470.81,31,0,0
8,0,False,9,178.59,0.678,1052.22,30,7,0
20,4,False,9,129.17,0.132,164.62,27,7,0
10,5,True,9,151.44,1.0,3880.99,75,2,0
11,3,False,8,190.36,0.851,79.51,54,7,0
18,4,False,1,139.81,0.68,370.58,43,0,0
11,0,False,4,181.71,0.684,28.44,52,7,0
5,0,False,5,121.11,0.754,96.69,52,7,0
10,4,False,2,185.7,0.623,167.96,43,2,0
1,6,True,3,278.29,0.913,112.55,54,7,0
18,5,True,6,239.95,0.67,475.66,54,0,0
21,4,False,4,288.91,0.396,77.11,27,0,0
6,3,False,6,163.79,1.0,3782.61,75,2,0
1,6,True,3,97.35,0.533,461.68,43,0,0
0,2,False,6,162.35,0.487,214.21,52,0,0
8,1,False,10,257.57,1.0,2449.11,30,0,0
7,5,True,8,262.47,0.333,379.67,27,0,0
14,1,False,2,287.44,0.834,1052.09,75,7,0
20,2,False,8,146.87,0.713,281.59,54,2,0
17,0,False,9,58.25,0.554,348.74,43,0,0
3,6,True,10,106.73,0.263,288.99,27,2,0
8,6,True,10,61.86,0.647,208.27,31,0,0
4,6,True,4,162.68,1.0,100.9,27,0,0
19,2,False,5,192.91,0.309,464.43,27,7,0
20,1,False,6,159.71,0.996,1801.21,70,7,0
1,6,True,5,201.54,0.87,343.72,54,7,0
21,3,False,8,109.11,0.952,4747.52,75,0,0
8,1,False,9,264.35,1.0,2888.28,75,2,1
12,3,False,6,62.8,0.647,56.82,27,2,0
0,6,True,10,226.02,1.0,1440.41,30,0,0
15,4,False,3,76.2,0.947,1283.91,70,2,0
12,3,False,5,96.89,0.838,377.67,31,7,0
3,3,False,8,290.37,0.579,81.74,31,0,0
6,3,False,5,275.89,0.713,246.48,70,0,0
2,6,True,7,97.79,0.787,1490.06,30,0,0
12,1,False,8,237.44,0.063,430.19,54,2,0
22,5,True,6,171.74,0.922,170.76,31,0,0
0,3,False,6,136.25,0.487,143.02,52,2,0
14,5,True,4,296.3,1.0,2448.21,70,7,0
20,5,True,8,175.62,0.947,495.02,31,7,0
6,0,False,10,285.89,0.712,1967.68,28,7,0
10,4,False,2,221.4,0.66,139.19,27,7,0
8,6,True,2,179.55,0.713,538.07,30,0,0
4,1,False,9,148.29,0.892,1688.42,30,7,0
22,3,False,7,239.47,0.392,241.55,27,7,0
4,0,False,5,80.08,0.733,205.22,27,0,0
18,5,True,4,268.88,0.118,56.31,52,2,0
23,4,False,6,203.44,0.924,1546.37,28,0,0
3,2,False,10,139.91,1.0,1924.51,70,0,0
14,5,True,8,281.82,0.287,381.46,54,0,0
7,5,True,10,209.15,0.736,730.08,30,0,0
12,6,True,2,221.35,0.647,480.96,27,0,0
4,3,False,5,80.82,1.0,289.84,52,7,0
13,6,True,10,126.62,0.97,88.41,31,0,0
2,2,False,2,128.8,0.772,482.13,31,0,0
8,4,False,1,178.38,0.662,360.1,43,2,0
21,0,False,2,277.61,0.25,317.04,27,7,0
15,6,True,3,126.75,1.0,2528.46,30,0,0
20,5,True,4,289.46,0.884,478.22,31,0,0
20,1,False,4,268.93,0.392,438.78,27,0,0
2,3,False,9,200.75,1.0,285.7,52,7,0
20,6,True,8,64.62,1.0,1108.36,75,7,0
7,5,True,4,285.43,0.771,240.99,54,7,0
7,5,True,6,281.95,0.67,156.65,31,2,0
14,1,False,10,266.08,0.415,2484.17,70,0,0
4,2,False,6,214.65,1.0,352.89,31,0,0
19,0,False,8,169.27,0.422,139.41,27,7,0
3,0,False,8,209.43,1.0,1645.09,70,0,0
2,3,False,7,81.01,1.0,1763.69,70,0,0
23,2,False,10,210.93,0.987,338.51,52,0,0
10,1,False,9,61.91,1.0,1943.15,75,2,0
19,4,False,8,298.7,0.741,384.01,52,0,0
21,0,False,10,238.72,0.252,487.1,52,2,0
13,0,False,4,233.12,0.132,212.43,43,2,0
22,5,True,3,142.89,0.626,434.22,54,2,0
7,0,False,7,133.31,0.333,389.21,52,0,0
11,6,True,8,98.18,0.792,563.48,28,7,0
1,4,False,8,111.98,0.862,229.65,54,0,0
21,4,False,6,220.48,0.99,429.96,31,2,0
22,5,True,3,250.01,0.59,14.73,31,0,0
0,3,False,2,172.09,1.0,602.81,28,0,0
22,4,False,9,235.6,0.554,293.13,52,0,0
8,4,False,8,68.55,0.922,985.37,70,2,0
14,3,False,6,283.03,0.554,311.19,27,0,0
22,3,False,3,84.18,0.65,345.21,43,2,0
20,5,True,6,116.29,0.478,390.2,31,0,0
13,2,False,1,58.53,0.626,609.05,70,0,0
2,6,True,2,60.55,1.0,169.62,31,0,0
9,1,False,6,214.45,0.626,412.5,54,0,0
7,0,False,6,102.63,1.0,2436.97,28,2,0
4,5,True,1,125.74,1.0,1692.68,30,7,0
11,3,False,4,67.59,0.657,436.2,43,0,0
9,2,False,9,100.62,0.626,300.8,27,0,0
16,0,False,5,272.81,0.396,453.21,54,0,0
4,0,False,8,287.19,1.0,1289.36,28,2,0
6,3,False,3,108.0,0.556,347.45,54,7,0
4,3,False,3,159.04,1.0,3515.53,75,2,0
2,6,True,6,221.42,0.675,429.57,27,0,0
2,6,True,4,105.4,0.45,69.33,52,0,0
21,0,False,1,178.9,0.702,418.35,27,0,0
11,1,False,4,110.04,0.647,300.36,27,0,0
5,1,False,3,242.33,1.0,2613.79,28,0,0
7,3,False,1,130.69,0.851,302.6,31,0,0
3,1,False,9,296.16,1.0,2815.24,28,2,0
21,1,False,5,168.15,0.702,338.21,43,7,0
2,0,False,10,106.36,1.0,2138.95,70,0,0
10,4,False,8,283.06,0.732,2439.59,30,7,0
15,3,False,2,110.08,0.82,6.1,43,2,0
5,4,False,1,74.08,0.378,169.64,31,2,0
10,1,False,8,207.48,0.434,1544.84,30,7,0
20,1,False,5,72.97,0.178,30.52,31,0,0
13,2,False,9,294.23,0.478,58.51,43,7,0
20,0,False,2,280.17,0.434,2393.44,30,0,0
9,3,False,4,60.04,0.314,232.44,54,7,0
12,2,False,5,119.38,0.216,60.83,31,0,0
10,3,False,4,171.63,0.787,325.46,27,0,0
22,1,False,7,97.58,0.239,251.85,27,2,0
12,6,True,8,175.39,0.134,231.17,43,0,0
17,2,False,6,252.79,0.623,102.41,31,2,0
19,5,True,1,200.15,1.0,2218.62,28,0,1
20,2,False,3,206.98,0.327,1015.8,30,7,1
21,3,False,4,217.9,1.0,1529.42,28,2,0
20,1,False,2,75.49,0.82,83.92,52,7,0
0,1,False,7,52.04,0.857,344.78,52,2,0
8,3,False,1,163.88,0.696,286.08,31,0,0
18,5,True,6,59.74,1.0,2082.51,75,0,0
7,6,True,1,140.43,0.741,25.42,31,0,0
15,0,False,4,156.99,0.82,17.4,27,2,0
18,5,True,10,133.9,0.026,320.91,52,2,0
23,0,False,4,123.66,0.756,432.23,54,2,0
17,4,False,7,93.62,0.392,167.58,27,0,0
14,3,False,8,98.74,0.66,309.93,52,0,0
2,4,False,4,286.53,1.0,142.74,54,2,0
23,0,False,4,283.98,0.318,145.43,31,0,0
10,2,False,4,263.51,0.005,430.38,52,0,0
12,2,False,8,267.72,1.0,2692.52,28,0,0
6,1,False,9,261.74,0.678,1948.7,70,0,0
9,2,False,3,54.33,0.779,212.35,28,2,0
6,1,False,6,77.52,0.77,12.96,54,7,0
13,3,False,3,150.44,0.216,32.29,27,0,0
23,5,True,2,262.8,1.0,471.5,54,2,0
7,1,False,2,265.64,0.024,445.77,27,7,0
12,3,False,6,130.48,0.012,7.58,31,0,0
10,0,False,4,129.85,0.609,105.16,27,7,0
1,4,False,5,263.59,0.756,294.12,52,7,0
10,3,False,1,95.04,0.549,357.72,31,0,0
2,6,True,2,76.92,0.227,16.13,43,0,0
15,5,True,7,273.77,0.554,196.44,54,0,0
3,0,False,3,255.87,0.45,166.51,54,0,0
22,0,False,6,79.28,0.821,297.11,27,2,0
23,6,True,10,297.46,0.594,258.7,27,0,0
4,3,False,8,110.09,0.809,494.93,43,2,0
6,2,False,2,136.37,0.382,2445.15,30,0,0
2,0,False,4,249.67,1.0,1599.14,70,2,0
2,3,False,6,265.06,0.592,481.3,27,0,0
18,1,False,8,180.04,0.771,241.31,54,7,0
10,6,True,2,241.74,1.0,765.68,28,7,0
9,5,True,9,52.29,0.713,210.14,27,0,0
12,2,False,4,192.18,1.0,2817.51,70,7,0
3,6,True,2,78.59,0.4,57.7,54,0,0
2,3,False,2,151.22,0.205,459.9,27,7,0
7,0,False,2,103.41,0.309,397.78,52,0,0
11,5,True,10,72.93,0.97,33.19,43,2,0
2,6,True,5,281.9,1.0,3353.65,75,2,0
23,1,False,2,94.87,0.857,16.03,27,2,0
18,0,False,6,161.64,0.872,2654.08,30,0,0
3,3,False,5,222.77,1.0,2568.21,28,0,0
20,1,False,8,80.71,0.422,394.42,27,2,0
13,6,True,8,147.42,0.662,334.04,27,0,0
10,1,False,1,53.81,0.118,749.15,30,0,0
5,2,False,2,173.22,1.0,3844.15,75,0,1
12,3,False,4,170.13,1.0,2865.75,28,0,0
5,1,False,9,93.18,0.826,372.74,52,0,0
5,3,False,10,266.66,0.783,175.53,31,7,0
4,6,True,8,260.89,1.0,2911.49,75,0,0
12,1,False,7,269.76,0.746,674.55,70,7,0
23,4,False,7,63.04,0.45,47.65,52,0,0
20,3,False,4,53.8,0.026,296.71,43,0,0
1,2,False,7,266.66,0.45,170.12,27,2,0
9,3,False,8,80.38,1.0,2052.15,70,0,0
1,2,False,6,95.36,1.0,1380.31,28,0,0
14,6,True,8,100.9,0.741,468.65,31,7,0
23,0,False,6,298.14,0.7,232.84,43,7,0
14,0,False,8,173.72,1.0,1909.18,28,2,0
17,1,False,7,83.07,1.0,215.11,28,2,0
7,1,False,10,74.22,0.119,474.8,52,7,0
15,0,False,2,266.72,0.432,2667.43,30,0,0
14,2,False,10,238.4,0.99,230.23,27,0,0
12,0,False,2,185.14,1.0,1420.11,70,2,0
13,0,False,9,268.13,1.0,786.11,75,7,0
15,4,False,5,229.38,0.556,295.42,27,0,0
16,0,False,10,78.78,0.741,107.17,27,0,0
2,4,False,1,108.93,1.0,1676.27,70,0,0
12,5,True,5,182.73,0.572,497.65,54,0,0
21,0,False,7,90.66,0.736,418.2,52,0,0
21,1,False,10,104.53,0.702,205.77,27,0,0
8,3,False,8,60.08,0.574,244.68,43,0,0
11,5,True,3,65.75,0.684,221.12,52,0,0
17,1,False,5,119.25,0.99,443.26,52,0,0
7,5,True,6,186.85,0.736,376.53,27,0,0
18,2,False,9,140.43,0.82,419.55,27,0,0
16,0,False,8,221.6,0.775,2780.76,30,7,0
22,1,False,6,220.77,1.0,1592.19,75,2,0
15,3,False,3,282.11,0.59,494.53,27,0,0
0,1,False,1,112.68,1.0,354.63,54,2,0
6,0,False,4,60.51,0.475,602.27,70,0,0
23,2,False,7,180.52,0.282,476.24,31,7,0
22,2,False,10,57.58,1.0,2662.38,28,0,0
2,2,False,7,105.45,1.0,308.81,54,0,0
6,3,False,6,252.04,0.926,2092.38,30,0,0
1,4,False,6,261.54,0.212,276.63,27,0,0
8,3,False,4,108.62,0.923,2257.72,30,0,0
21,4,False,1,129.12,0.891,146.97,54,7,0
9,3,False,2,131.41,0.314,320.84,31,0,0
19,6,True,2,225.28,1.0,1592.68,28,7,0
4,2,False,3,173.51,1.0,1758.73,75,7,0
19,1,False,5,118.96,0.063,383.11,54,2,0
16,6,True,1,250.13,0.702,68.97,27,0,0
8,1,False,2,173.86,0.678,1753.91,30,0,0
7,5,True,4,271.81,0.984,1882.97,70,2,0
7,6,True,7,159.77,1.0,1503.93,70,0,0
11,2,False,3,235.81,1.0,1168.1,75,7,0
18,5,True,5,195.17,0.891,830.81,70,2,0
5,2,False,3,257.42,0.763,393.37,27,0,0
19,4,False,3,104.36,1.0,1562.44,28,7,0
5,0,False,6,194.88,0.283,456.5,27,0,0
0,1,False,5,90.16,1.0,177.88,43,0,0
21,4,False,6,199.88,0.647,489.52,54,7,0
6,5,True,7,149.65,0.922,482.65,31,0,0
2,2,False,9,269.19,0.977,455.73,43,0,0
10,2,False,10,185.92,0.678,1511.03,70,2,0
22,0,False,1,239.11,0.314,449.52,30,7,0
14,2,False,3,66.48,1.0,1440.42,70,0,0
3,5,True,9,137.04,1.0,510.08,75,0,0
14,4,False,6,269.89,0.9,417.0,28,0,0
20,1,False,3,197.12,1.0,1093.28,28,2,0
19,4,False,1,263.57,0.696,78.85,27,0,0
1,5,True,3,194.64,0.227,496.32,43,7,0
0,0,False,9,140.9,0.783,380.76,27,2,0
11,3,False,3,97.65,0.763,1516.64,28,2,1
4,3,False,3,108.54,1.0,2203.03,28,0,0
13,3,False,10,51.97,1.0,2255.77,28,0,0
13,2,False,4,160.82,0.721,114.71,27,0,0
19,0,False,7,70.69,0.027,41.29,31,0,0
20,0,False,1,129.78,0.959,36.57,31,0,0
6,1,False,9,246.85,0.027,97.21,54,0,0
5,4,False,6,237.35,0.512,1354.5,30,7,0
20,2,False,4,197.59,1.0,2154.27,75,0,0
3,3,False,1,214.77,0.826,161.71,27,0,0
10,2,False,5,271.07,0.59,414.91,27,7,0
23,6,True,8,113.84,0.675,420.65,52,0,0
11,3,False,1,292.3,0.959,168.34,43,0,0
18,1,False,9,209.58,0.679,2799.28,30,2,0
16,2,False,4,132.96,0.702,234.73,43,0,0
4,1,False,3,130.14,0.509,187.43,43,7,0
13,2,False,1,238.69,0.027,240.29,52,7,0
12,0,False,7,100.41,0.379,48.92,27,0,0
12,1,False,2,230.24,0.392,396.48,70,2,0
22,2,False,2,169.19,0.132,311.35,70,7,0
3,3,False,9,193.08,1.0,72.32,52,2,0
15,2,False,3,87.93,0.663,359.23,27,7,0
10,2,False,10,218.35,1.0,2373.19,28,7,0
4,2,False,6,122.34,1.0,107.62,31,7,0
19,4,False,1,205.01,0.422,104.73,31,0,0
3,4,False,9,170.75,1.0,3693.39,75,0,0
10,1,False,5,52.33,0.574,106.39,27,2,0
1,6,True,9,179.77,0.332,25.35,31,2,0
20,5,True,10,139.55,1.0,4483.9,75,0,0
9,6,True,3,243.48,0.713,53.01,54,0,0
7,2,False,10,104.32,0.434,1958.67,30,2,0
21,6,True,7,73.63,0.027,152.47,54,0,0
3,0,False,7,259.53,0.579,24.18,27,0,0
23,3,False,10,241.82,1.0,312.02,70,2,0
2,6,True,8,96.95,0.733,345.91,27,7,0
11,1,False,5,252.27,0.838,457.77,54,7,0
13,2,False,3,212.56,1.0,2341.88,30,0,0
4,3,False,4,275.06,1.0,2311.0,75,0,0
21,3,False,4,68.38,0.309,422.99,27,0,0
6,5,True,6,177.62,0.944,920.11,28,0,0
20,2,False,3,216.85,1.0,396.66,28,2,0
5,3,False,9,232.88,0.7,231.98,43,0,0
21,4,False,3,239.36,0.947,246.74,27,2,0
10,5,True,7,188.89,1.0,1026.63,70,7,0
8,5,True,10,53.66,0.012,273.9,27,7,0
13,6,True,8,70.95,0.614,2906.93,30,0,0
13,0,False,3,188.38,0.626,248.84,27,7,0
11,2,False,3,54.46,0.704,2856.43,28,0,0
12,2,False,1,168.43,0.626,135.65,52,0,0
12,1,False,7,181.23,0.987,3142.01,75,7,0
4,1,False,10,103.91,0.226,332.02,54,0,0
7,2,False,10,198.41,0.574,361.85,43,7,0
3,6,True,8,193.89,1.0,2301.56,28,2,0
23,5,True,10,207.04,0.971,389.11,54,7,0
22,0,False,3,114.5,0.705,1566.71,75,0,0
3,2,False,4,230.5,0.912,2024.48,75,0,0
0,6,True,1,108.94,1.0,2355.87,70,0,0
14,1,False,10,285.62,0.574,228.0,52,2,0
10,3,False,1,91.61,0.5,65.6,54,7,0
9,0,False,7,242.56,0.923,450.86,54,2,0
19,6,True,10,193.22,0.583,853.93,70,2,0
23,0,False,7,175.86,0.319,124.6,54,0,0
11,0,False,10,261.05,0.922,206.75,52,2,0
11,0,False,6,214.34,0.833,2418.5,70,2,0
23,3,False,8,291.51,0.902,145.45,43,0,0
16,1,False,8,111.53,0.309,323.21,43,2,0
7,0,False,6,167.93,0.118,454.93,31,2,0
19,1,False,5,225.97,0.821,91.72,52,7,0
20,4,False,1,231.77,0.647,200.62,52,0,0
11,4,False,4,57.31,1.0,2113.26,75,7,0
3,4,False,10,80.83,0.505,1496.26,30,0,0
7,0,False,6,192.44,1.0,4299.2,75,2,0
12,5,True,1,71.02,0.216,300.76,27,7,0
6,3,False,5,222.33,0.118,109.33,54,2,0
7,5,True,10,73.62,0.533,52.48,31,0,0
21,2,False,9,239.8,0.872,2597.67,30,2,0
12,3,False,6,214.43,1.0,2628.28,30,2,0
14,2,False,10,56.3,0.953,286.34,52,0,0
6,5,True,9,107.88,0.478,7.02,52,2,0
13,2,False,8,261.2,1.0,4906.92,75,7,0
5,1,False,4,133.7,1.0,171.69,31,0,0
13,3,False,7,203.94,0.394,438.88,54,7,0
2,5,True,4,283.59,0.793,361.86,43,0,0
22,4,False,10,269.72,0.026,347.92,27,7,0
9,2,False,4,154.04,0.66,111.08,27,0,0
19,3,False,3,106.65,0.96,2216.69,70,2,0
16,5,True,8,104.37,0.721,443.01,43,0,0
10,3,False,7,151.64,0.583,93.17,27,7,0
0,3,False,2,190.45,1.0,175.64,52,0,0
14,5,True,2,236.02,0.549,474.81,31,2,0
11,0,False,1,156.79,0.437,291.65,43,0,0
10,1,False,9,111.59,0.083,386.96,31,0,0
2,5,True,1,211.32,0.809,372.31,27,0,0
5,2,False,8,119.53,1.0,1570.62,70,0,0
4,6,True,9,239.37,0.847,325.68,27,7,0
21,2,False,10,72.9,0.883,1274.17,70,0,0
9,5,True,6,83.33,0.239,51.87,31,0,0
21,2,False,7,132.99,0.012,735.48,70,0,0
11,1,False,3,273.76,0.702,406.46,52,7,0
2,0,False,8,162.7,1.0,377.85,31,2,0
21,6,True,6,185.01,0.396,49.24,31,7,0
0,3,False,5,284.28,0.839,573.01,28,0,0
23,4,False,10,128.97,0.744,232.99,27,0,0
8,0,False,6,163.21,0.59,486.08,27,0,0
22,6,True,8,146.72,0.119,321.26,52,0,0
10,6,True,4,114.8,0.178,161.99,27,7,0
19,3,False,4,111.22,0.394,360.4,43,0,0
23,6,True,6,299.27,0.533,706.18,70,0,0
4,6,True,9,154.41,1.0,2504.29,30,7,0
17,0,False,1,173.98,0.309,131.22,31,0,0
9,3,False,10,111.03,0.821,232.3,31,0,0
0,4,False,5,207.01,0.512,1439.91,30,7,1
17,4,False,5,207.44,0.005,374.31,31,2,0
15,3,False,1,175.78,0.996,2018.09,70,2,0
16,4,False,10,243.22,0.574,444.48,52,0,0
21,0,False,8,259.17,0.178,117.13,27,7,0
21,2,False,1,188.27,1.0,2252.48,30,0,0
12,1,False,7,144.29,0.859,112.27,54,2,0
18,2,False,4,208.17,0.954,419.8,28,2,1
22,6,True,3,194.39,0.996,96.69,43,0,0
1,1,False,2,293.03,0.763,25.19,54,0,0
20,2,False,3,108.4,0.97,248.28,27,2,0
8,2,False,6,77.9,0.777,452.57,52,7,0
18,1,False,7,191.7,1.0,314.94,28,0,0
21,4,False,8,236.06,0.5,2220.42,70,0,0
10,2,False,9,240.99,0.67,616.31,70,0,0
7,1,False,2,299.27,1.0,1376.53,28,2,0
9,4,False,3,124.86,0.82,172.06,54,7,0
7,1,False,10,51.57,1.0,2159.24,28,0,1
10,3,False,8,177.64,0.9,2913.82,28,0,0
1,3,False,10,126.86,1.0,1379.29,30,0,0
23,4,False,10,222.31,0.826,461.34,54,0,0
23,5,True,7,98.59,0.212,475.64,31,0,0
21,0,False,1,162.73,0.777,130.11,43,0,0
10,1,False,10,90.88,0.838,117.91,43,0,0
6,1,False,6,229.64,0.478,403.24,43,0,0
12,3,False,7,243.03,0.736,189.5,54,2,0
22,4,False,3,89.5,1.0,1221.72,28,7,0
15,0,False,3,184.06,0.859,452.33,27,7,0
22,2,False,5,180.01,0.996,221.54,30,0,0
21,1,False,8,102.07,0.333,481.39,31,7,0
1,2,False,1,267.07,0.826,187.59,43,7,0
9,6,True,4,222.42,0.851,104.24,54,0,0
23,1,False,8,274.87,0.455,191.81,27,2,0
13,4,False,10,101.87,1.0,1074.85,75,0,0
10,6,True,6,50.9,1.0,2871.46,75,2,0
8,0,False,7,257.68,0.947,198.33,31,7,0
18,6,True,9,112.85,1.0,1107.16,70,0,0
7,0,False,7,94.04,0.959,2281.48,30,2,0
11,5,True,8,75.61,0.623,74.49,31,7,0
13,2,False,5,220.08,0.119,5.73,52,7,0
0,1,False,2,121.48,1.0,1953.75,28,0,0
1,3,False,2,90.38,1.0,1235.42,28,2,0
2,5,True,4,233.95,0.884,384.97,52,0,0
18,1,False,1,138.11,0.418,2823.51,30,7,0
12,5,True,1,81.09,0.684,213.3,54,0,0
5,1,False,5,158.03,0.7,115.0,54,7,0
17,5,True,5,252.75,0.083,240.63,43,7,0
7,3,False,3,83.54,0.583,244.51,54,7,0
7,1,False,7,89.38,0.884,360.45,54,7,0
21,2,False,9,189.9,1.0,1326.51,75,0,0
16,5,True,1,173.35,0.005,201.81,31,7,0
16,2,False,5,194.05,0.549,117.46,31,2,0
6,3,False,1,122.36,1.0,2597.08,28,0,0
5,1,False,4,253.38,1.0,1990.52,75,2,0
19,5,True,9,79.56,0.838,711.25,70,7,0
13,6,True,9,134.77,0.378,217.57,30,0,0
22,5,True,7,83.26,0.93,183.79,43,0,0
8,6,True,2,134.75,0.59,245.18,27,0,0
12,0,False,3,104.29,0.977,356.62,43,0,0
20,2,False,7,227.86,0.315,19.52,52,2,0
1,1,False,5,274.69,1.0,2821.44,28,0,0
23,5,True,10,59.35,1.0,1393.08,75,2,0
6,2,False,10,115.8,1.0,2952.09,70,0,0
15,0,False,6,175.6,0.66,395.95,52,2,0
13,3,False,8,265.39,0.379,291.52,27,2,0
19,5,True,6,125.25,0.923,1212.36,70,0,0
1,3,False,3,244.63,1.0,255.06,43,7,0
21,5,True,5,197.64,0.415,2666.29,70,2,0
3,4,False,5,95.27,0.921,147.6,31,0,0
15,5,True,6,277.57,0.713,78.37,54,7,0
10,1,False,5,228.23,0.939,1209.4,28,0,0
19,3,False,1,264.65,0.98,2012.74,30,0,0
2,6,True,3,252.25,0.622,430.96,27,7,0
2,0,False,9,289.82,0.823,301.15,54,0,0
23,0,False,2,171.08,1.0,3788.33,75,2,0
3,0,False,8,185.15,0.921,84.88,27,2,0
3,3,False,6,290.91,1.0,41.33,52,7,0
9,1,False,9,127.67,0.415,1637.97,30,2,0
12,5,True,7,147.46,1.0,1794.65,28,7,0
21,6,True,7,161.41,0.132,345.48,52,0,0
9,0,False,7,77.77,0.854,2290.23,30,0,0
23,0,False,4,79.61,0.416,465.18,43,2,0
18,5,True,8,179.7,0.662,228.44,27,0,0
5,4,False,6,184.35,0.637,237.19,43,0,0
14,1,False,5,103.73,0.554,217.13,52,7,0
6,4,False,4,163.22,0.572,76.4,27,0,0
6,0,False,8,81.73,0.947,397.7,31,0,0
7,0,False,10,225.72,0.99,873.47,75,2,1
14,6,True,10,202.44,0.083,344.8,27,0,0
9,0,False,7,142.19,0.379,472.44,54,0,0
7,5,True,3,278.72,0.82,174.99,52,0,0
0,2,False,10,136.09,0.749,94.48,52,2,0
12,1,False,4,60.32,0.77,51.81,54,7,0
13,6,True,10,147.54,1.0,1238.88,30,0,0
14,4,False,10,213.64,0.609,70.87,54,0,0
13,4,False,4,293.99,0.684,218.56,43,0,0
7,5,True,8,293.35,0.702,469.51,27,2,0
17,2,False,1,60.46,0.77,644.53,70,0,0
3,2,False,8,207.55,0.318,901.91,30,7,0
23,1,False,8,122.85,0.579,285.82,31,0,0
1,3,False,1,289.79,1.0,498.31,27,2,0
9,0,False,2,276.85,0.947,108.75,31,2,0
23,4,False,9,140.71,1.0,1557.79,30,0,0
8,1,False,6,268.33,0.963,2789.16,30,0,0
9,2,False,2,253.82,0.5,113.08,54,7,0
8,3,False,6,257.21,0.623,152.94,27,0,0
2,3,False,7,59.02,1.0,1060.01,28,2,0
7,0,False,5,192.14,0.68,43.37,43,2,0
21,2,False,6,181.37,0.922,487.6,31,7,0
21,4,False,4,55.85,0.609,479.23,54,0,0
0,1,False,5,249.14,0.977,740.93,70,0,0
12,0,False,2,85.11,0.005,356.51,27,0,0
5,2,False,3,99.58,1.0,226.42,27,7,0
6,3,False,2,65.69,1.0,3512.77,75,0,0
3,4,False,5,288.77,1.0,2963.92,30,7,0
20,1,False,5,156.99,0.782,1714.29,75,7,0
8,5,True,1,223.07,0.475,212.63,54,0,0
14,5,True,9,181.55,1.0,1383.13,75,0,0
9,4,False,6,142.97,1.0,1565.01,70,2,0
17,2,False,1,86.26,0.659,181.28,27,0,0
10,3,False,2,73.61,0.382,1460.05,30,0,0
12,1,False,7,177.87,0.082,15.88,43,2,0
8,0,False,1,296.35,0.702,313.13,52,2,0
3,5,True,3,166.83,1.0,1519.37,75,2,0
6,6,True,4,259.43,0.255,393.2,52,7,0
7,5,True,10,116.75,0.97,1767.77,30,7,0
21,4,False,1,145.87,0.626,119.5,31,7,0
21,1,False,8,250.5,0.684,421.69,43,0,0
5,3,False,6,238.12,0.902,186.45,27,7,0
2,2,False,8,54.56,0.859,209.12,27,7,0
2,5,True,2,282.22,1.0,1208.38,30,0,0
2,0,False,3,219.24,0.756,100.65,31,0,0
19,1,False,10,115.09,1.0,1306.53,28,2,0
17,5,True,4,252.66,0.66,388.54,30,0,0
7,3,False,1,282.21,0.947,395.53,52,0,0
23,3,False,8,56.74,0.615,1031.32,30,7,0
0,4,False,5,272.61,0.971,134.91,43,0,0
6,1,False,1,202.59,0.287,381.84,27,0,0
7,3,False,1,83.55,0.005,278.6,43,2,0
7,0,False,6,256.88,0.437,350.47,52,2,0
22,2,False,7,226.1,0.378,437.4,54,0,0
20,1,False,9,168.42,0.721,380.48,43,2,0
18,2,False,6,140.9,0.741,230.73,27,2,0
1,5,True,10,182.96,1.0,435.15,28,0,0
7,0,False,9,83.91,0.533,93.98,27,0,0
18,5,True,10,296.29,0.027,97.33,27,0,0
8,2,False,8,96.48,0.777,381.85,27,0,0
3,3,False,8,73.2,1.0,849.96,28,2,0
10,2,False,6,118.4,0.657,129.97,31,0,0
14,2,False,9,239.31,1.0,912.59,75,0,0
6,0,False,4,135.02,0.623,123.12,27,2,0
6,3,False,3,259.36,0.736,95.74,27,2,0
15,2,False,10,135.26,0.25,475.72,70,7,0
3,3,False,5,104.39,0.971,54.25,43,2,0
12,4,False,9,109.08,0.997,352.8,54,7,0
19,2,False,1,288.41,0.422,209.02,52,0,0
23,0,False,1,181.26,0.637,201.9,52,2,0
23,5,True,4,106.29,1.0,2211.0,28,0,0
4,2,False,2,265.5,0.4,17.37,54,0,0
13,2,False,7,149.4,0.324,1439.21,30,0,0
16,6,True,6,265.34,0.953,226.85,31,7,0
7,1,False,4,102.71,0.736,146.66,54,7,0
6,2,False,10,170.57,0.884,65.37,27,2,0
7,0,False,2,62.86,0.721,384.69,43,2,0
6,0,False,5,225.36,1.0,1479.85,28,0,0
18,2,False,1,269.3,1.0,2103.4,75,0,0
11,2,False,8,289.47,1.0,1873.76,28,2,0
4,0,False,1,199.85,1.0,49.5,52,0,0
15,0,False,9,126.5,0.834,1058.41,28,0,0
3,2,False,5,271.01,0.204,312.06,27,0,0
13,1,False,8,139.22,0.252,229.14,31,7,0
20,1,False,10,211.24,0.923,234.45,31,7,0
11,2,False,6,73.69,0.659,347.21,43,0,0
9,5,True,2,229.47,0.959,1692.99,70,7,0
9,2,False,2,248.44,0.993,906.52,75,0,1
0,2,False,9,159.72,1.0,2912.03,30,2,0
8,2,False,8,244.58,0.027,494.78,52,7,0
6,0,False,8,59.16,0.996,241.5,27,2,0
0,1,False,7,133.11,0.283,434.41,27,7,0
18,0,False,5,119.93,0.115,73.44,54,0,0
22,4,False,5,239.85,1.0,1475.55,30,0,0
12,2,False,9,232.15,0.67,438.15,31,7,0
9,5,True,5,89.45,0.609,561.2,30,0,0
6,3,False,3,299.66,0.239,59.78,27,0,0
2,4,False,5,130.78,0.783,285.82,43,0,0
10,2,False,2,216.06,0.378,865.62,30,2,0
15,4,False,4,282.03,0.93,392.19,31,7,0
15,2,False,1,63.56,0.027,406.32,43,2,0
11,2,False,2,179.24,0.593,383.73,27,2,0
15,3,False,5,163.7,0.478,390.91,31,7,0
8,3,False,10,118.95,0.65,274.7,43,7,0
17,0,False,5,53.56,0.736,86.08,27,0,0
11,0,False,5,70.21,0.315,78.78,27,2,0
17,0,False,8,243.31,0.255,354.73,52,2,0
18,0,False,1,264.68,0.737,1514.75,70,7,0
9,2,False,2,291.3,0.657,407.51,27,7,0
16,6,True,4,69.99,0.026,29.4,43,0,0
8,4,False,10,116.85,0.662,187.26,52,7,0
7,0,False,9,157.14,0.422,87.86,54,0,0
21,0,False,4,89.35,0.702,55.99,54,7,0
18,5,True,6,201.45,0.837,132.0,27,0,0
5,1,False,10,200.84,0.45,209.2,31,7,0
10,0,False,5,223.52,0.741,71.56,54,0,0
6,3,False,7,266.44,1.0,1377.04,30,0,0
15,4,False,2,232.22,1.0,3151.19,75,0,0
17,0,False,8,80.67,0.724,1343.3,28,0,0
16,4,False,9,229.75,1.0,1193.34,30,7,0
8,3,False,1,83.42,0.93,277.89,52,2,0
3,1,False,3,261.08,0.809,317.32,27,7,0
16,5,True,10,291.67,0.478,173.3,27,0,0
8,5,True,10,258.23,0.382,1272.16,70,7,0
23,3,False,8,153.29,0.896,441.2,31,0,0
18,2,False,10,88.75,0.996,74.41,31,7,0
12,5,True,10,199.61,0.419,2952.62,70,0,0
13,0,False,1,99.61,0.647,327.11,43,2,0
18,0,False,2,117.13,0.5,460.36,31,0,0
12,1,False,1,197.08,1.0,1484.58,28,0,0
23,3,False,6,240.31,1.0,303.44,31,2,0
22,4,False,9,216.13,0.967,412.08,27,0,0
12,6,True,9,242.09,0.609,181.06,43,0,0
11,2,False,4,71.72,1.0,2243.57,28,7,0
17,6,True,2,271.1,1.0,2338.78,28,2,0
8,0,False,3,194.97,1.0,1003.53,75,0,0
13,1,False,7,121.67,0.82,56.82,31,2,0
12,0,False,1,215.27,0.741,371.59,31,0,0
21,6,True,3,163.27,0.838,25.71,43,0,0
19,2,False,2,102.84,0.65,262.81,43,0,0
7,5,True,3,205.11,0.67,297.68,27,2,0
18,2,False,10,106.11,0.287,243.01,54,2,0
0,1,False,8,246.78,1.0,496.73,27,0,0
14,4,False,6,170.31,0.422,266.02,27,2,0
18,2,False,3,230.43,0.178,468.67,43,2,0
20,1,False,2,74.17,0.556,390.82,31,7,0
4,2,False,1,220.6,0.896,2868.07,30,2,0
9,2,False,9,298.57,0.083,174.45,52,0,0
21,5,True,3,124.13,0.619,1186.24,70,0,0
17,0,False,9,235.41,0.923,405.83,27,7,0
1,3,False,5,273.55,0.315,195.8,27,0,0
13,4,False,9,51.0,1.0,1950.96,28,2,0
23,1,False,7,228.61,1.0,353.27,52,7,0
22,5,True,6,179.32,1.0,2924.6,28,0,0
16,1,False,3,264.15,1.0,3195.6,75,0,0
22,4,False,8,224.99,0.615,2224.24,30,7,0
18,1,False,7,293.04,0.82,294.12,54,2,0
20,1,False,5,153.52,0.609,439.99,27,2,0
21,4,False,1,179.67,1.0,1899.98,28,0,0
9,0,False,7,267.03,0.119,454.88,31,0,0
2,5,True,9,158.71,0.637,286.2,54,2,0
22,4,False,5,145.03,0.844,1707.33,70,2,0
22,4,False,10,172.68,0.134,424.2,54,7,0
15,3,False,1,185.24,0.216,88.85,43,2,0
22,2,False,8,63.01,1.0,956.85,28,2,0
18,0,False,2,54.12,1.0,1635.89,28,2,0
19,2,False,1,232.87,0.82,255.86,27,2,0
7,0,False,10,69.06,1.0,1999.99,70,2,0
23,6,True,9,64.14,1.0,956.25,75,7,0
13,1,False,4,114.09,1.0,2604.16,75,0,0
2,3,False,8,95.39,1.0,1103.74,30,0,0
23,6,True,8,218.63,0.87,157.83,27,0,0
8,0,False,7,53.5,1.0,3594.38,75,0,0
15,5,True,10,229.61,1.0,1566.91,30,0,0
5,1,False,4,261.07,1.0,1275.19,28,0,0
19,1,False,7,77.24,0.549,436.54,43,2,0
1,2,False,5,122.36,1.0,467.78,31,7,0
0,4,False,6,239.66,1.0,2309.0,75,0,0
9,0,False,4,261.09,0.25,69.47,43,0,0
9,5,True,3,87.61,0.89,2186.59,70,0,0
17,2,False,9,157.6,0.834,2388.87,28,0,0
21,6,True,1,146.46,0.024,358.61,27,2,0
20,3,False,5,227.77,0.713,381.53,52,0,0
7,6,True,4,225.29,0.239,404.23,52,2,0
21,0,False,10,89.9,0.478,358.27,52,0,0
18,3,False,7,177.03,0.432,928.57,70,7,0
2,3,False,1,290.62,1.0,2106.71,28,7,0
18,2,False,4,293.48,1.0,4856.0,75,0,0
20,2,False,5,81.54,0.59,116.84,52,7,0
23,6,True,1,191.53,1.0,474.34,27,7,0
23,2,False,2,87.21,0.982,1740.08,75,7,1
9,0,False,9,83.98,0.478,478.32,31,7,0
17,6,True,3,78.39,0.82,411.63,54,0,0
10,4,False,6,271.77,0.702,376.78,54,0,0
13,5,True,6,157.01,0.663,135.51,27,2,0
12,2,False,9,150.24,0.65,461.27,52,2,0
12,4,False,10,116.78,0.66,187.51,27,0,0
9,1,False,2,195.5,0.953,195.53,31,0,0
9,5,True,5,182.18,0.891,16.18,27,2,0
11,6,True,2,243.37,0.319,344.31,52,7,0
2,1,False,9,259.63,1.0,1071.13,70,0,0
15,4,False,6,196.44,0.378,23.66,52,7,0
6,1,False,6,219.75,1.0,573.52,75,7,0
8,5,True,10,205.54,0.239,369.1,54,0,0
17,6,True,1,265.87,0.77,234.67,27,2,0
6,3,False,1,118.0,0.252,497.18,27,0,0
11,5,True,10,228.24,0.702,342.07,31,0,0
14,4,False,9,254.23,0.713,351.47,27,2,0
9,2,False,4,258.31,0.684,299.85,70,0,0
21,0,False,9,249.28,0.696,461.91,43,0,0
0,1,False,3,202.88,0.987,416.28,43,0,0
19,0,False,10,172.11,0.837,125.29,31,2,0
12,0,False,3,131.54,0.97,1575.44,70,2,0
